{"format": "layers-model", "generatedBy": "keras v2.0.6", "convertedBy": "TensorFlow.js Converter v3.8.0", "modelTopology": {"keras_version": "2.0.6", "backend": "tensorflow", "model_config": {"class_name": "Sequential", "config": [{"class_name": "Conv1D", "config": {"name": "conv1d_7", "trainable": true, "batch_input_shape": [null, 216, 1], "dtype": "float32", "filters": 128, "kernel_size": [5], "strides": [1], "padding": "same", "dilation_rate": [1], "activation": "linear", "use_bias": true, "kernel_initializer": {"class_name": "VarianceScaling", "config": {"scale": 1.0, "mode": "fan_avg", "distribution": "uniform", "seed": null}}, "bias_initializer": {"class_name": "Zeros", "config": {}}, "kernel_regularizer": null, "bias_regularizer": null, "activity_regularizer": null, "kernel_constraint": null, "bias_constraint": null}}, {"class_name": "Activation", "config": {"name": "activation_8", "trainable": true, "activation": "relu"}}, {"class_name": "Conv1D", "config": {"name": "conv1d_8", "trainable": true, "filters": 128, "kernel_size": [5], "strides": [1], "padding": "same", "dilation_rate": [1], "activation": "linear", "use_bias": true, "kernel_initializer": {"class_name": "VarianceScaling", "config": {"scale": 1.0, "mode": "fan_avg", "distribution": "uniform", "seed": null}}, "bias_initializer": {"class_name": "Zeros", "config": {}}, "kernel_regularizer": null, "bias_regularizer": null, "activity_regularizer": null, "kernel_constraint": null, "bias_constraint": null}}, {"class_name": "Activation", "config": {"name": "activation_9", "trainable": true, "activation": "relu"}}, {"class_name": "Dropout", "config": {"name": "dropout_3", "trainable": true, "rate": 0.1}}, {"class_name": "MaxPooling1D", "config": {"name": "max_pooling1d_2", "trainable": true, "strides": [8], "pool_size": [8], "padding": "valid"}}, {"class_name": "Conv1D", "config": {"name": "conv1d_9", "trainable": true, "filters": 128, "kernel_size": [5], "strides": [1], "padding": "same", "dilation_rate": [1], "activation": "linear", "use_bias": true, "kernel_initializer": {"class_name": "VarianceScaling", "config": {"scale": 1.0, "mode": "fan_avg", "distribution": "uniform", "seed": null}}, "bias_initializer": {"class_name": "Zeros", "config": {}}, "kernel_regularizer": null, "bias_regularizer": null, "activity_regularizer": null, "kernel_constraint": null, "bias_constraint": null}}, {"class_name": "Activation", "config": {"name": "activation_10", "trainable": true, "activation": "relu"}}, {"class_name": "Conv1D", "config": {"name": "conv1d_10", "trainable": true, "filters": 128, "kernel_size": [5], "strides": [1], "padding": "same", "dilation_rate": [1], "activation": "linear", "use_bias": true, "kernel_initializer": {"class_name": "VarianceScaling", "config": {"scale": 1.0, "mode": "fan_avg", "distribution": "uniform", "seed": null}}, "bias_initializer": {"class_name": "Zeros", "config": {}}, "kernel_regularizer": null, "bias_regularizer": null, "activity_regularizer": null, "kernel_constraint": null, "bias_constraint": null}}, {"class_name": "Activation", "config": {"name": "activation_11", "trainable": true, "activation": "relu"}}, {"class_name": "Conv1D", "config": {"name": "conv1d_11", "trainable": true, "filters": 128, "kernel_size": [5], "strides": [1], "padding": "same", "dilation_rate": [1], "activation": "linear", "use_bias": true, "kernel_initializer": {"class_name": "VarianceScaling", "config": {"scale": 1.0, "mode": "fan_avg", "distribution": "uniform", "seed": null}}, "bias_initializer": {"class_name": "Zeros", "config": {}}, "kernel_regularizer": null, "bias_regularizer": null, "activity_regularizer": null, "kernel_constraint": null, "bias_constraint": null}}, {"class_name": "Activation", "config": {"name": "activation_12", "trainable": true, "activation": "relu"}}, {"class_name": "Dropout", "config": {"name": "dropout_4", "trainable": true, "rate": 0.2}}, {"class_name": "Conv1D", "config": {"name": "conv1d_12", "trainable": true, "filters": 128, "kernel_size": [5], "strides": [1], "padding": "same", "dilation_rate": [1], "activation": "linear", "use_bias": true, "kernel_initializer": {"class_name": "VarianceScaling", "config": {"scale": 1.0, "mode": "fan_avg", "distribution": "uniform", "seed": null}}, "bias_initializer": {"class_name": "Zeros", "config": {}}, "kernel_regularizer": null, "bias_regularizer": null, "activity_regularizer": null, "kernel_constraint": null, "bias_constraint": null}}, {"class_name": "Activation", "config": {"name": "activation_13", "trainable": true, "activation": "relu"}}, {"class_name": "Flatten", "config": {"name": "flatten_2", "trainable": true}}, {"class_name": "Dense", "config": {"name": "dense_2", "trainable": true, "units": 10, "activation": "linear", "use_bias": true, "kernel_initializer": {"class_name": "VarianceScaling", "config": {"scale": 1.0, "mode": "fan_avg", "distribution": "uniform", "seed": null}}, "bias_initializer": {"class_name": "Zeros", "config": {}}, "kernel_regularizer": null, "bias_regularizer": null, "activity_regularizer": null, "kernel_constraint": null, "bias_constraint": null}}, {"class_name": "Activation", "config": {"name": "activation_14", "trainable": true, "activation": "softmax"}}]}, "training_config": {"optimizer_config": {"class_name": "RMSprop", "config": {"lr": 9.999999747378752e-06, "rho": 0.8999999761581421, "decay": 9.999999974752427e-07, "epsilon": 1e-08}}, "loss": "categorical_crossentropy", "metrics": ["accuracy"], "sample_weight_mode": null, "loss_weights": null}}, "weightsManifest": [{"paths": ["group1-shard1of1.bin"], "weights": [{"name": "conv1d_10/kernel", "shape": [5, 128, 128], "dtype": "float32"}, {"name": "conv1d_10/bias", "shape": [128], "dtype": "float32"}, {"name": "conv1d_11/kernel", "shape": [5, 128, 128], "dtype": "float32"}, {"name": "conv1d_11/bias", "shape": [128], "dtype": "float32"}, {"name": "conv1d_12/kernel", "shape": [5, 128, 128], "dtype": "float32"}, {"name": "conv1d_12/bias", "shape": [128], "dtype": "float32"}, {"name": "conv1d_7/kernel", "shape": [5, 1, 128], "dtype": "float32"}, {"name": "conv1d_7/bias", "shape": [128], "dtype": "float32"}, {"name": "conv1d_8/kernel", "shape": [5, 128, 128], "dtype": "float32"}, {"name": "conv1d_8/bias", "shape": [128], "dtype": "float32"}, {"name": "conv1d_9/kernel", "shape": [5, 128, 128], "dtype": "float32"}, {"name": "conv1d_9/bias", "shape": [128], "dtype": "float32"}, {"name": "dense_2/kernel", "shape": [3456, 10], "dtype": "float32"}, {"name": "dense_2/bias", "shape": [10], "dtype": "float32"}]}]}